{
    "niter": 6356,
    "logz": -80106.3985767883,
    "logzerr": 1.6182660225210983,
    "logz_bs": -80106.33601937549,
    "logz_single": -80106.3985767883,
    "logzerr_tail": 0.0014135374658508226,
    "logzerr_bs": 1.6182654051663121,
    "ess": 493.8579154480093,
    "H": 63.47057909159048,
    "Herr": 0.8204875845801487,
    "posterior": {
        "mean": [
            0.2959976817301391,
            -1.2902581744979744,
            2.0855598424044643,
            176.0587280605221,
            9491.460125074296,
            0.2989876976005433,
            1.345992889004666,
            0.0001498600279527252,
            92.82877456858661
        ],
        "stdev": [
            0.015777915074996516,
            0.05288244193256686,
            0.03923009004396244,
            42.28548337735047,
            648.3142942939735,
            0.02000082769704659,
            0.02262547412967831,
            5.492714391185903e-06,
            1.859355178966421
        ],
        "median": [
            0.2906774446560904,
            -1.2793035252399265,
            2.0958052455750598,
            174.29407395700278,
            9583.767918106945,
            0.295754128957381,
            1.3511589674065214,
            0.00014954989231542203,
            92.83877541867692
        ],
        "errlo": [
            0.28246578573243325,
            -1.3518156850610221,
            2.038080821099447,
            132.32994708695415,
            8828.544066724311,
            0.28062054339726134,
            1.3186886772199304,
            0.000144531159431187,
            90.87507539222014
        ],
        "errup": [
            0.3144174599647242,
            -1.2409617987433899,
            2.121042514891729,
            219.97913586130613,
            10074.8857447933,
            0.3186965559369727,
            1.3669202989403972,
            0.0001550808681225692,
            94.69105447427242
        ],
        "information_gain_bits": [
            3.535282008808245,
            3.5979501196676105,
            3.378675953700698,
            4.096253312520755,
            2.148843696224031,
            1.8329909856748081,
            2.652658457473944,
            4.14647919764959,
            3.8756513417363383
        ]
    },
    "maximum_likelihood": {
        "logl": -80039.51440231394,
        "point": [
            0.24475638548952056,
            -1.08745852291382,
            2.2166999948118704,
            305.34251734296123,
            9437.686669188819,
            0.3908567667395426,
            1.4308503565902395,
            0.0001625723353564354,
            92.68028536444851
        ],
        "point_untransformed": [
            0.15581675441585058,
            0.3269256006708544,
            0.7055975230521758,
            0.02471600383871353,
            0.471884333459441,
            0.7817135334790852,
            0.8396337309481916,
            0.0093147086815092,
            0.18536057072889703
        ]
    },
    "ncall": 2069663,
    "paramnames": [
        "theta_l",
        "phi_l",
        "delta_l",
        "B_fp",
        "m",
        "L",
        "alpha",
        "dalpha",
        "flux_0"
    ],
    "logzerr_single": 0.2820231666562432,
    "insertion_order_MWW_test": {
        "independent_iterations": 222,
        "converged": false
    }
}